codigo,fila_saldos,sociedad,sociedad_label,banco,banco_label,moneda,tipo_cuenta,es_transito,instrumento,rol,concepto_raw,en_resumen,notas
BIY|MACRO|ARS|CC,4,BIY,BIYEMAS,MACRO,BANCO MACRO,ARS,CC,0,,saldo,1) PESOS (CC),1,
BIY|MACRO|ARS|TRANSITO,5,BIY,BIYEMAS,MACRO,BANCO MACRO,ARS,,1,,transito,Depósitos en Tránsito,1,
BIY|MACRO|USD|CC,6,BIY,BIYEMAS,MACRO,BANCO MACRO,USD,CC,0,,saldo,2) DOLARES (CC),1,
BIY|MACRO|USD|TRANSITO,7,BIY,BIYEMAS,MACRO,BANCO MACRO,USD,,1,,transito,Depósitos en Tránsito,0,
BIY|ITAU|ARS|CC,10,BIY,BIYEMAS,ITAU,BANCO ITAU,ARS,CC,0,,saldo,1) PESOS (CC),1,
BIY|ITAU|ARS|TRANSITO,11,BIY,BIYEMAS,ITAU,BANCO ITAU,ARS,,1,,transito,Depósitos en Tránsito,1,
BIY|ITAU|ARS|AVELLANEDA,12,BIY,BIYEMAS,ITAU,BANCO ITAU,ARS,AVELLANEDA,0,,saldo,1) PESOS (AVELLANEDA),1,
BIY|ITAU|USD|CC,13,BIY,BIYEMAS,ITAU,BANCO ITAU,USD,CC,0,,saldo,2) DOLARES (CC),1,
BIY|ITAU|USD|TRANSITO,14,BIY,BIYEMAS,ITAU,BANCO ITAU,USD,,1,,transito,Depósitos en Tránsito,0,
BIY|FRANCES|ARS|CC,17,BIY,BIYEMAS,FRANCES,BANCO FRANCES,ARS,CC,0,,saldo,1) PESOS,1,
BIY|FRANCES|USD|CC,18,BIY,BIYEMAS,FRANCES,BANCO FRANCES,USD,CC,0,,saldo,2) DOLARES,1,
BIY|FRANCES|EUR|CC,19,BIY,BIYEMAS,FRANCES,BANCO FRANCES,EUR,CC,0,,saldo,3) EUROS,0,
BIY|BAPRO|ARS|CC,22,BIY,BIYEMAS,BAPRO,BANCO PROVINCIA,ARS,CC,0,,saldo,1) PESOS,1,
BIY|BAPRO|ARS|TRANSITO,23,BIY,BIYEMAS,BAPRO,BANCO PROVINCIA,ARS,,1,,transito,Depósitos en Tránsito,1,
BIY|BAPRO|USD|CC,24,BIY,BIYEMAS,BAPRO,BANCO PROVINCIA,USD,CC,0,,saldo,2) DOLARES (CC),1,
BIY|MACO|ARS|CC,27,BIY,BIYEMAS,MACO,MACO,ARS,CC,0,,saldo,1) PESOS,1,
BIY|MACO|USD|CC,28,BIY,BIYEMAS,MACO,MACO,USD,CC,0,,saldo,2) DOLARES,1,
BIY|MACO|EUR|CC,29,BIY,BIYEMAS,MACO,MACO,EUR,CC,0,,saldo,3) EUROS,0,
BIY|BNA|ARS|CC,32,BIY,BIYEMAS,BNA,BNA,ARS,CC,0,,saldo,1) PESOS (CC),1,
BIY|BNA|ARS|TRANSITO,33,BIY,BIYEMAS,BNA,BNA,ARS,,1,,transito,Depósitos en Tránsito,1,
BIY|BNA|USD|CC,34,BIY,BIYEMAS,BNA,BNA,USD,CC,0,,saldo,2) DOLARES (CC),1,
BIY|BNA|USD|TRANSITO,35,BIY,BIYEMAS,BNA,BNA,USD,,1,,transito,Depósitos en Tránsito,0,
BIY|BIBANK|ARS|CC,38,BIY,BIYEMAS,BIBANK,Bi Bank,ARS,CC,0,,saldo,1) PESOS (CC),1,
BIY|BIBANK|ARS|TRANSITO,39,BIY,BIYEMAS,BIBANK,Bi Bank,ARS,,1,,transito,Depósitos en Tránsito,1,
BIY|BIBANK|USD|CC,40,BIY,BIYEMAS,BIBANK,Bi Bank,USD,CC,0,,saldo,2) DOLARES (CC),1,
BIY|BIBANK|USD|TRANSITO,41,BIY,BIYEMAS,BIBANK,Bi Bank,USD,,1,,transito,Depósitos en Tránsito,0,
BIY|BIND|ARS|CC,44,BIY,BIYEMAS,BIND,Banco Industrial,ARS,CC,0,,saldo,1) PESOS (CC),1,
BIY|BIND|ARS|TRANSITO,45,BIY,BIYEMAS,BIND,Banco Industrial,ARS,,1,,transito,Depósitos en Tránsito,1,
BIY|BIND|USD|CC,46,BIY,BIYEMAS,BIND,Banco Industrial,USD,CC,0,,saldo,2) DOLARES (CC),1,
BIY|BIND|USD|TRANSITO,47,BIY,BIYEMAS,BIND,Banco Industrial,USD,,1,,transito,Depósitos en Tránsito,0,
BIY|TESORERIA|ARS|CC,50,BIY,BIYEMAS,TESORERIA,TESORERIA,ARS,CC,0,,saldo,1) PESOS,1,
BIY|TESORERIA|USD|CC,51,BIY,BIYEMAS,TESORERIA,TESORERIA,USD,CC,0,,saldo,2) DOLARES,1,
BIY|TESORERIA|EUR|CC,52,BIY,BIYEMAS,TESORERIA,TESORERIA,EUR,CC,0,,saldo,3) EUROS,0,
BIY|INVERSIONES|ARS|FCI_GOAL_RENTA_GLOBAL,55,BIY,BIYEMAS,INVERSIONES,INVERSIONES CORTO PLAZO,ARS,,0,FCI Goal renta global,inversion,FCI Goal renta global,1,
BIY|INVERSIONES|ARS|FCI_PIONERO_RENTA_AHORRO,56,BIY,BIYEMAS,INVERSIONES,INVERSIONES CORTO PLAZO,ARS,,0,FCI Pionero Renta Ahorro,inversion,FCI Pionero Renta Ahorro,1,
BIY|INVERSIONES|ARS|FCI_RENTA_CRECIMIENTO,57,BIY,BIYEMAS,INVERSIONES,INVERSIONES CORTO PLAZO,ARS,,0,FCI renta crecimiento,inversion,FCI renta crecimiento,1,
BIY|INVERSIONES|ARS|FCI_GOAL_PESOS,58,BIY,BIYEMAS,INVERSIONES,INVERSIONES CORTO PLAZO,ARS,,0,FCI Goal Pesos,inversion,FCI Goal Pesos,1,
BIY|INVERSIONES|ARS|FCI_ACCIONES_ARGENTINAS,59,BIY,BIYEMAS,INVERSIONES,INVERSIONES CORTO PLAZO,ARS,,0,FCI acciones argentinas,inversion,FCI acciones argentinas,1,
BIY|INVERSIONES|ARS|IAM_AHORRO_PESOS,60,BIY,BIYEMAS,INVERSIONES,INVERSIONES CORTO PLAZO,ARS,,0,IAM Ahorro Pesos,inversion,IAM Ahorro Pesos,1,
BIY|INVERSIONES|ARS|PLAZO_FIJO,61,BIY,BIYEMAS,INVERSIONES,INVERSIONES CORTO PLAZO,ARS,,0,Plazo Fijo,inversion,Plazo Fijo,1,
BIY|INVERSIONES|ARS|OTROS,62,BIY,BIYEMAS,INVERSIONES,INVERSIONES CORTO PLAZO,ARS,,0,Otros,inversion,Otros,1,
KAN|MACRO|ARS|CC,67,KAN,KANDIKO,MACRO,BANCO MACRO,ARS,CC,0,,saldo,1) PESOS (CC),1,
KAN|MACRO|ARS|TRANSITO,68,KAN,KANDIKO,MACRO,BANCO MACRO,ARS,,1,,transito,Depósitos en Tránsito,1,
KAN|MACRO|ARS|CA,69,KAN,KANDIKO,MACRO,BANCO MACRO,ARS,CA,0,,saldo,1) PESOS (CA),1,
KAN|MACRO|USD|CC,70,KAN,KANDIKO,MACRO,BANCO MACRO,USD,CC,0,,saldo,2) DOLARES (CC),1,
KAN|MACRO|USD|TRANSITO,71,KAN,KANDIKO,MACRO,BANCO MACRO,USD,,1,,transito,Depósitos en Tránsito,0,
KAN|MACRO|USD|CA,72,KAN,KANDIKO,MACRO,BANCO MACRO,USD,CA,0,,saldo,2) DOLARES (CA),0,
KAN|ITAU|ARS|CC,75,KAN,KANDIKO,ITAU,BANCO ITAU,ARS,CC,0,,saldo,1) PESOS (CC),1,
KAN|ITAU|ARS|TRANSITO,76,KAN,KANDIKO,ITAU,BANCO ITAU,ARS,,1,,transito,Depósitos en Tránsito,0,
KAN|ITAU|ARS|AVELLANEDA,77,KAN,KANDIKO,ITAU,BANCO ITAU,ARS,AVELLANEDA,0,,saldo,1) PESOS (AVELLANEDA),0,
KAN|ITAU|USD|CC,78,KAN,KANDIKO,ITAU,BANCO ITAU,USD,CC,0,,saldo,2) DOLARES (CC),1,
KAN|ITAU|USD|TRANSITO,79,KAN,KANDIKO,ITAU,BANCO ITAU,USD,,1,,transito,Depósitos en Tránsito,0,
KAN|FRANCES|ARS|CC,82,KAN,KANDIKO,FRANCES,BANCO FRANCES,ARS,CC,0,,saldo,1) PESOS,1,
KAN|FRANCES|USD|CC,83,KAN,KANDIKO,FRANCES,BANCO FRANCES,USD,CC,0,,saldo,2) DOLARES,1,
KAN|FRANCES|EUR|CC,84,KAN,KANDIKO,FRANCES,BANCO FRANCES,EUR,CC,0,,saldo,3) EUROS,1,
KAN|BAPRO|ARS|CC,87,KAN,KANDIKO,BAPRO,BANCO PROVINCIA,ARS,CC,0,,saldo,1) PESOS,1,
KAN|BAPRO|ARS|TRANSITO,88,KAN,KANDIKO,BAPRO,BANCO PROVINCIA,ARS,,1,,transito,Depósitos en Tránsito,1,
KAN|BAPRO|USD|CC,89,KAN,KANDIKO,BAPRO,BANCO PROVINCIA,USD,CC,0,,saldo,2) DOLARES (CC),0,
KAN|MACO|ARS|CC,92,KAN,KANDIKO,MACO,MACO,ARS,CC,0,,saldo,1) PESOS,1,
KAN|MACO|USD|CC,93,KAN,KANDIKO,MACO,MACO,USD,CC,0,,saldo,2) DOLARES,1,
KAN|MACO|EUR|CC,94,KAN,KANDIKO,MACO,MACO,EUR,CC,0,,saldo,3) EUROS,0,
KAN|BNA|ARS|CC,97,KAN,KANDIKO,BNA,BNA,ARS,CC,0,,saldo,1) PESOS (CC),1,
KAN|BNA|ARS|TRANSITO,98,KAN,KANDIKO,BNA,BNA,ARS,,1,,transito,Depósitos en Tránsito,1,
KAN|BNA|USD|CC,99,KAN,KANDIKO,BNA,BNA,USD,CC,0,,saldo,2) DOLARES (CC),1,
KAN|BNA|USD|TRANSITO,100,KAN,KANDIKO,BNA,BNA,USD,,1,,transito,Depósitos en Tránsito,0,
KAN|BIBANK|ARS|CC,103,KAN,KANDIKO,BIBANK,Bi Bank,ARS,CC,0,,saldo,1) PESOS (CC),1,
KAN|BIBANK|ARS|TRANSITO,104,KAN,KANDIKO,BIBANK,Bi Bank,ARS,,1,,transito,Depósitos en Tránsito,1,
KAN|BIBANK|USD|CC,105,KAN,KANDIKO,BIBANK,Bi Bank,USD,CC,0,,saldo,2) DOLARES (CC),1,
KAN|BIBANK|USD|TRANSITO,106,KAN,KANDIKO,BIBANK,Bi Bank,USD,,1,,transito,Depósitos en Tránsito,0,
KAN|BIND|ARS|CC,109,KAN,KANDIKO,BIND,Banco Industrial,ARS,CC,0,,saldo,1) PESOS (CC),1,
KAN|BIND|ARS|TRANSITO,110,KAN,KANDIKO,BIND,Banco Industrial,ARS,,1,,transito,Depósitos en Tránsito,1,
KAN|BIND|USD|CC,111,KAN,KANDIKO,BIND,Banco Industrial,USD,CC,0,,saldo,2) DOLARES (CC),1,
KAN|BIND|USD|TRANSITO,112,KAN,KANDIKO,BIND,Banco Industrial,USD,,1,,transito,Depósitos en Tránsito,0,
KAN|TESORERIA|ARS|CC,115,KAN,KANDIKO,TESORERIA,TESORERIA,ARS,CC,0,,saldo,1) PESOS,1,
KAN|TESORERIA|USD|CC,116,KAN,KANDIKO,TESORERIA,TESORERIA,USD,CC,0,,saldo,2) DOLARES,1,
KAN|TESORERIA|EUR|CC,117,KAN,KANDIKO,TESORERIA,TESORERIA,EUR,CC,0,,saldo,3) EUROS,0,
KAN|INVERSIONES|ARS|FCI_PIONERO_PESOS,120,KAN,KANDIKO,INVERSIONES,INVERSIONES CORTO PLAZO,ARS,,0,FCI Pionero Pesos,inversion,FCI Pionero Pesos,1,
KAN|INVERSIONES|ARS|FCI_PIONERO_RENTA_AHORRO,121,KAN,KANDIKO,INVERSIONES,INVERSIONES CORTO PLAZO,ARS,,0,FCI Pionero Renta Ahorro,inversion,FCI Pionero Renta Ahorro,1,
KAN|INVERSIONES|ARS|FCI_PELLEGRINI_RENTA_PESOS,122,KAN,KANDIKO,INVERSIONES,INVERSIONES CORTO PLAZO,ARS,,0,FCI Pellegrini Renta Pesos,inversion,FCI Pellegrini Renta Pesos,1,
KAN|INVERSIONES|ARS|FCI_GOAL_PESOS,123,KAN,KANDIKO,INVERSIONES,INVERSIONES CORTO PLAZO,ARS,,0,FCI Goal Pesos,inversion,FCI Goal Pesos,1,
KAN|INVERSIONES|ARS|FCI_GOAL_CAPITAL_PLUS,124,KAN,KANDIKO,INVERSIONES,INVERSIONES CORTO PLAZO,ARS,,0,FCI Goal Capital Plus,inversion,FCI Goal Capital Plus,1,
KAN|INVERSIONES|ARS|IAM_AHORRO_PESOS,125,KAN,KANDIKO,INVERSIONES,INVERSIONES CORTO PLAZO,ARS,,0,IAM Ahorro Pesos,inversion,IAM Ahorro Pesos,1,
KAN|INVERSIONES|ARS|PLAZO_FIJO,126,KAN,KANDIKO,INVERSIONES,INVERSIONES CORTO PLAZO,ARS,,0,Plazo Fijo,inversion,Plazo Fijo,1,
KAN|INVERSIONES|ARS|FCI_GOAL_PESOS,127,KAN,KANDIKO,INVERSIONES,INVERSIONES CORTO PLAZO,ARS,,0,FCI Goal Pesos,inversion,FCI Goal Pesos,1,
REB|MACRO|ARS|CC,131,REB,REBISCO,MACRO,BANCO MACRO,ARS,CC,0,,saldo,1) PESOS (CC),1,
REB|MACRO|ARS|TRANSITO,132,REB,REBISCO,MACRO,BANCO MACRO,ARS,,1,,transito,Depósitos en Tránsito,1,
REB|MACRO|ARS|CA,133,REB,REBISCO,MACRO,BANCO MACRO,ARS,CA,0,,saldo,1) PESOS (CA),1,
REB|MACRO|USD|CC,134,REB,REBISCO,MACRO,BANCO MACRO,USD,CC,0,,saldo,2) DOLARES (CC),1,
REB|MACRO|USD|TRANSITO,135,REB,REBISCO,MACRO,BANCO MACRO,USD,,1,,transito,Depósitos en Tránsito,1,
REB|MACRO|USD|CA,136,REB,REBISCO,MACRO,BANCO MACRO,USD,CA,0,,saldo,2) DOLARES (CA),0,
REB|ITAU|ARS|CC,139,REB,REBISCO,ITAU,BANCO ITAU,ARS,CC,0,,saldo,1) PESOS (CC),1,
REB|ITAU|ARS|TRANSITO,140,REB,REBISCO,ITAU,BANCO ITAU,ARS,,1,,transito,Depósitos en Tránsito,1,
REB|ITAU|ARS|AVELLANEDA,141,REB,REBISCO,ITAU,BANCO ITAU,ARS,AVELLANEDA,0,,saldo,1) PESOS (AVELLANEDA),1,
REB|ITAU|USD|CC,142,REB,REBISCO,ITAU,BANCO ITAU,USD,CC,0,,saldo,2) DOLARES (CC),1,
REB|ITAU|USD|TRANSITO,143,REB,REBISCO,ITAU,BANCO ITAU,USD,,1,,transito,Depósitos en Tránsito,0,
REB|FRANCES|ARS|CC,146,REB,REBISCO,FRANCES,BANCO FRANCES,ARS,CC,0,,saldo,1) PESOS,1,
REB|FRANCES|USD|CC,147,REB,REBISCO,FRANCES,BANCO FRANCES,USD,CC,0,,saldo,2) DOLARES,1,
REB|FRANCES|EUR|CC,148,REB,REBISCO,FRANCES,BANCO FRANCES,EUR,CC,0,,saldo,3) EUROS,0,
REB|BAPRO|ARS|CC,151,REB,REBISCO,BAPRO,BANCO PROVINCIA,ARS,CC,0,,saldo,1) PESOS,1,
REB|BAPRO|ARS|TRANSITO,152,REB,REBISCO,BAPRO,BANCO PROVINCIA,ARS,,1,,transito,Depósitos en Tránsito,1,
REB|BAPRO|USD|CC,153,REB,REBISCO,BAPRO,BANCO PROVINCIA,USD,CC,0,,saldo,2) DOLARES (CC),0,
REB|MACO|ARS|CC,156,REB,REBISCO,MACO,MACO,ARS,CC,0,,saldo,1) PESOS,1,
REB|MACO|USD|CC,157,REB,REBISCO,MACO,MACO,USD,CC,0,,saldo,2) DOLARES,1,
REB|MACO|EUR|CC,158,REB,REBISCO,MACO,MACO,EUR,CC,0,,saldo,3) EUROS,0,
REB|BNA|ARS|CC,161,REB,REBISCO,BNA,BNA,ARS,CC,0,,saldo,1) PESOS (CC),1,
REB|BNA|ARS|TRANSITO,162,REB,REBISCO,BNA,BNA,ARS,,1,,transito,Depósitos en Tránsito,1,
REB|BNA|USD|CC,163,REB,REBISCO,BNA,BNA,USD,CC,0,,saldo,2) DOLARES (CC),1,
REB|BNA|USD|TRANSITO,164,REB,REBISCO,BNA,BNA,USD,,1,,transito,Depósitos en Tránsito,0,
REB|BIBANK|ARS|CC,167,REB,REBISCO,BIBANK,Bi Bank,ARS,CC,0,,saldo,1) PESOS (CC),1,
REB|BIBANK|ARS|TRANSITO,168,REB,REBISCO,BIBANK,Bi Bank,ARS,,1,,transito,Depósitos en Tránsito,1,
REB|BIBANK|USD|CC,169,REB,REBISCO,BIBANK,Bi Bank,USD,CC,0,,saldo,2) DOLARES (CC),1,
REB|BIBANK|USD|TRANSITO,170,REB,REBISCO,BIBANK,Bi Bank,USD,,1,,transito,Depósitos en Tránsito,0,
REB|BIND|ARS|CC,173,REB,REBISCO,BIND,Banco Industrial,ARS,CC,0,,saldo,1) PESOS (CC),1,
REB|BIND|ARS|TRANSITO,174,REB,REBISCO,BIND,Banco Industrial,ARS,,1,,transito,Depósitos en Tránsito,1,
REB|BIND|USD|CC,175,REB,REBISCO,BIND,Banco Industrial,USD,CC,0,,saldo,2) DOLARES (CC),1,
REB|BIND|USD|TRANSITO,176,REB,REBISCO,BIND,Banco Industrial,USD,,1,,transito,Depósitos en Tránsito,0,
REB|TESORERIA|ARS|CC,179,REB,REBISCO,TESORERIA,TESORERIA,ARS,CC,0,,saldo,1) PESOS,1,
REB|TESORERIA|USD|CC,180,REB,REBISCO,TESORERIA,TESORERIA,USD,CC,0,,saldo,2) DOLARES,1,
REB|TESORERIA|EUR|CC,181,REB,REBISCO,TESORERIA,TESORERIA,EUR,CC,0,,saldo,3) EUROS,0,
REB|INVERSIONES|ARS|FCI_PIONERO_PESOS,184,REB,REBISCO,INVERSIONES,INVERSIONES CORTO PLAZO,ARS,,0,FCI Pionero Pesos,inversion,FCI Pionero Pesos,1,
REB|INVERSIONES|ARS|FCI_PIONERO_RENTA_AHORRO,185,REB,REBISCO,INVERSIONES,INVERSIONES CORTO PLAZO,ARS,,0,FCI Pionero Renta Ahorro,inversion,FCI Pionero Renta Ahorro,1,
REB|INVERSIONES|ARS|FCI_PELLEGRINI_RENTA_PESOS,186,REB,REBISCO,INVERSIONES,INVERSIONES CORTO PLAZO,ARS,,0,FCI Pellegrini Renta Pesos,inversion,FCI Pellegrini Renta Pesos,1,
REB|INVERSIONES|ARS|FCI_GOAL_PESOS,187,REB,REBISCO,INVERSIONES,INVERSIONES CORTO PLAZO,ARS,,0,FCI Goal Pesos,inversion,FCI Goal Pesos,1,
REB|INVERSIONES|ARS|FCI_GOAL_CAPITAL_PLUS,188,REB,REBISCO,INVERSIONES,INVERSIONES CORTO PLAZO,ARS,,0,FCI Goal Capital Plus,inversion,FCI Goal Capital Plus,1,
REB|INVERSIONES|ARS|IAM_AHORRO_PESOS,189,REB,REBISCO,INVERSIONES,INVERSIONES CORTO PLAZO,ARS,,0,IAM Ahorro Pesos,inversion,IAM Ahorro Pesos,1,
REB|INVERSIONES|ARS|PLAZO_FIJO,190,REB,REBISCO,INVERSIONES,INVERSIONES CORTO PLAZO,ARS,,0,Plazo Fijo,inversion,Plazo Fijo,1,
REB|INVERSIONES|ARS|OTROS,191,REB,REBISCO,INVERSIONES,INVERSIONES CORTO PLAZO,ARS,,0,Otros,inversion,Otros,1,
UT|CIUDAD|ARS|CC,197,UT,BIYEMAS - SKILL ON NET UT,CIUDAD,BANCO CIUDAD,ARS,CC,0,,saldo,1) PESOS,1,
UT|CIUDAD|ARS|CC,198,UT,BIYEMAS - SKILL ON NET UT,CIUDAD,BANCO CIUDAD,ARS,CC,0,,saldo,1) PESOS,0,
UT|CIUDAD|USD|CC,199,UT,BIYEMAS - SKILL ON NET UT,CIUDAD,BANCO CIUDAD,USD,CC,0,,saldo,2) DOLARES,0,
UT|CIUDAD|EUR|CC,200,UT,BIYEMAS - SKILL ON NET UT,CIUDAD,BANCO CIUDAD,EUR,CC,0,,saldo,3) EUROS,0,
UT|CIUDAD|ARS|LOTBA,202,UT,BIYEMAS - SKILL ON NET UT,CIUDAD,BANCO CIUDAD,ARS,LOTBA,0,,saldo,1) PESOS  (LOTBA),1,
UT|CIUDAD|USD|CC,203,UT,BIYEMAS - SKILL ON NET UT,CIUDAD,BANCO CIUDAD,USD,CC,0,,saldo,2) DOLARES,0,
UT|CIUDAD|EUR|CC,204,UT,BIYEMAS - SKILL ON NET UT,CIUDAD,BANCO CIUDAD,EUR,CC,0,,saldo,3) EUROS,0,
UT|MACRO|ARS|CC,206,UT,BIYEMAS - SKILL ON NET UT,MACRO,BANCO MACRO,ARS,CC,0,,saldo,1) PESOS,1,
UT|MACRO|ARS|TRANSITO,207,UT,BIYEMAS - SKILL ON NET UT,MACRO,BANCO MACRO,ARS,,1,,transito,Deposito en transito,1,
UT|MACRO|USD|CC,208,UT,BIYEMAS - SKILL ON NET UT,MACRO,BANCO MACRO,USD,CC,0,,saldo,2) DOLARES,0,
UT|MACRO|EUR|CC,209,UT,BIYEMAS - SKILL ON NET UT,MACRO,BANCO MACRO,EUR,CC,0,,saldo,3) EUROS,0,
UT|INVERSIONES|ARS|FCI_GOAL_PESOS,211,UT,BIYEMAS - SKILL ON NET UT,INVERSIONES,INVERSIONES CORTO PLAZO,ARS,,0,FCI Goal Pesos,inversion,FCI Goal Pesos,1,
BIY|MP|ARS|SALDO,215,BIY,BIYEMAS,MP,Mercado Pago,ARS,,0,,saldo,BIYEMAS,1,MP por sociedad; fila = nombre sociedad bajo bloque MP
KAN|MP|ARS|SALDO,216,KAN,KANDIKO,MP,Mercado Pago,ARS,,0,,saldo,KANDIKO,1,MP por sociedad; fila = nombre sociedad bajo bloque MP
REB|MP|ARS|SALDO,217,REB,REBISCO,MP,Mercado Pago,ARS,,0,,saldo,REBISCO,1,MP por sociedad; fila = nombre sociedad bajo bloque MP
TOT_BINGOS|TOTAL|ARS|CC,221,TOT_BINGOS,TOTAL SALDOS BINGOS,,,ARS,CC,0,,saldo,Pesos,1,
TOT_BINGOS|TOTAL|USD|TOTAL,222,TOT_BINGOS,TOTAL SALDOS BINGOS,,,USD,,0,,total,USD,1,
TOT_BINGOS|TOTAL|EUR|CC,223,TOT_BINGOS,TOTAL SALDOS BINGOS,,,EUR,CC,0,,saldo,Euros,1,
UT|TOTAL|ARS|CC,234,UT,TOTAL SALDOS UT,,,ARS,CC,0,,saldo,Pesos,1,
UT|TOTAL|USD|TOTAL,235,UT,TOTAL SALDOS UT,,,USD,,0,,total,USD,1,
UT|TOTAL|EUR|CC,236,UT,TOTAL SALDOS UT,,,EUR,CC,0,,saldo,Euros,1,
